SNP,effect_allele.exposure,other_allele.exposure,beta.exposure,se.exposure,pval.exposure,exposure,mr_keep.exposure,id.exposure,eaf.exposure,samplesize.exposure
rs11264100,G,A,0.032827,0.028143,0.24342,exposure,TRUE,1,0.861219,5185
rs2072659,G,C,-0.025345,0.03472,0.465424,exposure,TRUE,1,0.100146,5185
rs34973462,T,C,0.020323,0.021303,0.340062,exposure,TRUE,1,0.367526,5185
rs7599488,T,C,-0.006585,0.019645,0.737469,exposure,TRUE,1,0.466476,5185
rs78408772,T,C,0.004676,0.036815,0.898905,exposure,TRUE,1,0.0829,5185
rs10204824,G,A,0.011894,0.020443,0.560711,exposure,TRUE,1,0.61016,5185
rs2084533,T,C,-0.013037,0.021155,0.537738,exposure,TRUE,1,0.315534,5185
rs7431710,A,G,-0.038252,0.021091,0.069731,exposure,TRUE,1,0.665773,5185
rs2236951,C,T,-0.007727,0.024094,0.748448,exposure,TRUE,1,0.226592,5185
rs699165,G,A,0.007865,0.025106,0.754089,exposure,TRUE,1,0.794735,5185
rs28813180,A,G,0.001239,0.020008,0.950593,exposure,TRUE,1,0.44753,5185
rs1024323,T,C,-0.021997,0.020384,0.280517,exposure,TRUE,1,0.443472,5185
rs11940255,A,G,-0.017886,0.021896,0.414008,exposure,TRUE,1,0.715198,5185
rs10454798,T,G,-0.013897,0.021674,0.521412,exposure,TRUE,1,0.298342,5185
rs34638591,C,T,-0.17454,0.02457,1.26E-12,exposure,TRUE,1,0.570088,3505
rs7766641,A,G,0.053899,0.021077,0.010571,exposure,TRUE,1,0.336124,5185
rs215600,A,G,-0.006431,0.021358,0.763334,exposure,TRUE,1,0.683013,5185
rs62447179,A,G,0.02218,0.021571,0.303818,exposure,TRUE,1,0.296126,5185
rs2741351,C,A,0.036242,0.02516,0.14972,exposure,TRUE,1,0.808671,5185
rs73229090,A,C,-0.036898,0.032218,0.252077,exposure,TRUE,1,0.106708,5185
rs13253502,A,G,-0.016373,0.020093,0.415168,exposure,TRUE,1,0.415811,5185
rs4236926,G,T,0.005356,0.024041,0.823688,exposure,TRUE,1,0.776219,5185
rs790564,C,A,-0.014791,0.0227,0.514688,exposure,TRUE,1,0.739047,5185
rs75596189,T,C,0.004094,0.039684,0.917819,exposure,TRUE,1,0.07565,5185
rs3025383,C,T,0.003227,0.026269,0.902201,exposure,TRUE,1,0.164274,5185
rs7951365,C,T,0.005536,0.022029,0.801577,exposure,TRUE,1,0.285987,5185
rs10742683,A,G,-0.013248,0.019814,0.503776,exposure,TRUE,1,0.425776,5185
rs113001570,T,A,0.002228,0.046323,0.961627,exposure,TRUE,1,0.051811,5185
rs7125588,G,A,-0.027389,0.020916,0.190349,exposure,TRUE,1,0.349022,5185
rs11846838,A,G,0.052901,0.020522,0.009963,exposure,TRUE,1,0.382468,5185
rs1115019,C,T,0.012673,0.02499,0.612107,exposure,TRUE,1,0.805411,5185
rs632811,G,A,0.02762,0.020468,0.17719,exposure,TRUE,1,0.416375,5185
rs12438181,A,G,0.025212,0.028659,0.379006,exposure,TRUE,1,0.221703,3780
rs10519203,A,G,-0.001767,0.020937,0.932731,exposure,TRUE,1,0.647412,5185
rs28438420,T,A,0.007755,0.020082,0.699387,exposure,TRUE,1,0.585552,5185
rs72740955,T,C,0.00308,0.020983,0.883286,exposure,TRUE,1,0.348849,5185
rs146009840,T,A,-0.000803,0.021035,0.969549,exposure,TRUE,1,0.345416,5185
rs28681284,T,C,0.008278,0.024241,0.732738,exposure,TRUE,1,0.21296,5185
rs8040868,C,T,0.006578,0.020476,0.748039,exposure,TRUE,1,0.402174,5185
rs3743063,C,A,-0.021297,0.021087,0.312517,exposure,TRUE,1,0.591202,5185
rs182317,T,G,-0.014149,0.020543,0.491015,exposure,TRUE,1,0.35641,5185
rs1592485,A,C,0.039078,0.020784,0.060102,exposure,TRUE,1,0.653504,5185
rs12924872,T,C,-0.023578,0.020052,0.239635,exposure,TRUE,1,0.45315,5185
rs258321,G,A,-0.012665,0.02047,0.53611,exposure,TRUE,1,0.398149,5185
rs4144686,A,G,0.008224,0.02737,0.763817,exposure,TRUE,1,0.152545,5185
rs4485470,A,G,0.024014,0.019858,0.226533,exposure,TRUE,1,0.556112,5185
rs59208569,C,G,-0.030544,0.031452,0.331473,exposure,TRUE,1,0.832807,3780
rs143200968,C,G,-1.071102,0.069887,5.7E-53,exposure,TRUE,1,0.021309,5185
rs11667314,C,T,0.604944,0.020813,1.15E-185,exposure,TRUE,1,0.681826,5185
rs112292570,T,A,-1.071738,0.069676,2.42E-53,exposure,TRUE,1,0.021651,5185
rs56113850,C,T,0.682499,0.019773,1E-200,exposure,TRUE,1,0.552548,5185
rs8192726,A,C,-0.681486,0.035142,1.02E-83,exposure,TRUE,1,0.085927,5185
rs117824460,G,A,-1.027822,0.067626,4.03E-52,exposure,TRUE,1,0.037001,3505
rs3181842,T,C,-0.25454,0.020665,7.97E-35,exposure,TRUE,1,0.601612,5185
rs6078373,A,G,0.006552,0.019879,0.741708,exposure,TRUE,1,0.415212,5185
rs1737894,G,C,-0.002743,0.020342,0.892727,exposure,TRUE,1,0.478556,5185
rs2273500,C,T,0.012892,0.025081,0.607276,exposure,TRUE,1,0.203062,5185
rs7281463,C,A,-0.008731,0.021259,0.681301,exposure,TRUE,1,0.355149,5185
rs11264100,G,A,-0.039138835250838,0.00832552751251473,2.62E-06,exposure,TRUE,2,0.847,262014
rs2072659,G,C,-0.0652517704747814,0.00924650541835551,1.71E-12,exposure,TRUE,2,0.105,262014
rs34973462,T,C,0.0301095016647977,0.00587118403052105,2.96E-07,exposure,TRUE,2,0.348,262014
rs7599488,T,C,0.0264142694586241,0.00554403132254949,1.89E-06,exposure,TRUE,2,0.434,263954
rs78408772,T,C,-0.0432348892037441,0.00913503764081507,2.16E-06,exposure,TRUE,2,0.11,263954
rs10204824,G,A,-0.0306308132459838,0.00571765015970655,8.34E-08,exposure,TRUE,2,0.643,263954
rs2084533,T,C,0.033640551652225,0.00590094312009926,1.22E-08,exposure,TRUE,2,0.319,263954
rs7431710,A,G,-0.0349578813290956,0.00581019647402967,1.82E-09,exposure,TRUE,2,0.644,262173
rs2236951,C,T,-0.032859299900389,0.00688162309350342,1.79E-06,exposure,TRUE,2,0.223,263954
rs699165,G,A,0.0335372309442864,0.00631542595108447,1.1E-07,exposure,TRUE,2,0.74,263954
rs28813180,A,G,-0.0283939074435868,0.00550534251771905,2.47E-07,exposure,TRUE,2,0.471,263954
rs1024323,T,C,-0.0278996042208966,0.00565971947305608,8.3E-07,exposure,TRUE,2,0.387,263954
rs11940255,A,G,-0.0355365488480201,0.00613063711447648,6.86E-09,exposure,TRUE,2,0.698,263954
rs10454798,T,G,0.0229475039064134,0.00634015396744474,0.000301,exposure,TRUE,2,0.264,263954
rs34638591,C,T,-0.00200597242652254,0.00581502355607614,0.73,exposure,TRUE,2,0.612,257341
rs7766641,A,G,-0.0345361650560973,0.00624328841409988,3.2E-08,exposure,TRUE,2,0.291,262173
rs215600,A,G,-0.0492502940074077,0.00575250281826636,1.1E-17,exposure,TRUE,2,0.64,263954
rs62447179,A,G,-0.025836107969005,0.0060067730914544,1.68E-05,exposure,TRUE,2,0.3,263954
rs2741351,C,A,0.0404917382391566,0.00726082929021333,2.44E-08,exposure,TRUE,2,0.803,263954
rs73229090,A,C,0.05548948452185,0.00876271131206941,2.44E-10,exposure,TRUE,2,0.113,263954
rs13253502,A,G,-0.00966142244039606,0.00559671174946865,0.0844,exposure,TRUE,2,0.391,263954
rs4236926,G,T,0.066622850447458,0.00650172446117135,1.1E-24,exposure,TRUE,2,0.748,263954
rs790564,C,A,-0.0408926927090551,0.00619301974073314,3.97E-11,exposure,TRUE,2,0.719,263954
rs75596189,T,C,0.0656428260707534,0.00869460471399058,4.46E-14,exposure,TRUE,2,0.0954,263954
rs3025383,C,T,-0.0578394138290392,0.00704520986759372,2.22E-16,exposure,TRUE,2,0.18,263954
rs7951365,C,T,0.0389511126972512,0.0059678111139577,6.63E-11,exposure,TRUE,2,0.306,263954
rs10742683,A,G,-0.0260841770488397,0.00558661692245965,2.96E-06,exposure,TRUE,2,0.409,263954
rs113001570,T,A,0.0599531474337986,0.0109641859777402,4.57E-08,exposure,TRUE,2,0.0551,263954
rs7125588,G,A,-0.0326768754357945,0.00556328072390204,4.27E-09,exposure,TRUE,2,0.408,263954
rs11846838,A,G,0.0309379735246929,0.00586772113245805,1.32E-07,exposure,TRUE,2,0.313,263954
rs1115019,C,T,-0.0316489258240665,0.00679405577077961,3.15E-06,exposure,TRUE,2,0.75,263954
rs632811,G,A,-0.0367136736828143,0.00641048549226895,1.03E-08,exposure,TRUE,2,0.351,219449
rs4886550,G,A,0.0494412628226754,0.00681058233041297,3.96E-13,exposure,TRUE,2,0.256,211153
rs12438181,A,G,-0.155258385374449,0.00676316149266489,1.01E-116,exposure,TRUE,2,0.238,257341
rs10519203,A,G,-0.182050742576567,0.00587260459924411,1E-200,exposure,TRUE,2,0.664,257341
rs28438420,T,A,0.059026570623152,0.00560255414688143,5.34E-26,exposure,TRUE,2,0.566,257341
rs72740955,T,C,0.181648291884993,0.00591528225009941,1E-200,exposure,TRUE,2,0.325,257341
rs146009840,T,A,0.180528056572913,0.00591974817921917,1E-200,exposure,TRUE,2,0.322,257341
rs28681284,T,C,-0.155626153787743,0.00684443041766766,1.97E-114,exposure,TRUE,2,0.212,257341
rs8040868,C,T,0.164997158432295,0.00569294282117402,1.09E-184,exposure,TRUE,2,0.39,257341
rs3743063,C,A,-0.101198471284922,0.00561348118794393,9.84E-73,exposure,TRUE,2,0.564,257341
rs182317,T,G,-0.0311763761201948,0.00582965180258953,8.75E-08,exposure,TRUE,2,0.342,257341
rs1592485,A,C,-0.0316903982492708,0.00566442105187739,2.18E-08,exposure,TRUE,2,0.623,262014
rs12924872,T,C,-0.0254516732137424,0.00554083363866245,4.32E-06,exposure,TRUE,2,0.445,262014
rs258321,G,A,0.03304801035013,0.00559413064321536,3.43E-09,exposure,TRUE,2,0.433,262014
rs4144686,A,G,-0.0372369045400867,0.00734525723718705,4.05E-07,exposure,TRUE,2,0.163,263954
rs4485470,A,G,-0.0297317199665422,0.00559880677564009,1.08E-07,exposure,TRUE,2,0.597,263954
rs59208569,C,G,0.0397174232002341,0.00736265702092549,6.84E-08,exposure,TRUE,2,0.807,263954
rs143200968,C,G,-0.229512797835239,0.0175512823160191,4.64E-39,exposure,TRUE,2,0.0201,257341
rs11667314,C,T,0.0833863769912741,0.00585257632113699,4.75E-46,exposure,TRUE,2,0.661,257341
rs112292570,T,A,-0.226471417702417,0.0174208782848013,1.49E-38,exposure,TRUE,2,0.0214,257341
rs56113850,C,T,0.107204606428534,0.00560367454568213,1.1E-81,exposure,TRUE,2,0.568,257341
rs8192726,A,C,-0.109518328160752,0.010897480952957,1.03E-23,exposure,TRUE,2,0.068,257341
rs117824460,G,A,-0.23081814189775,0.0176511044713706,3.53E-39,exposure,TRUE,2,0.0234,257341
rs3181842,T,C,-0.0351778974572716,0.00567680879194188,5.69E-10,exposure,TRUE,2,0.615,257341
rs6078373,A,G,0.0280824685243831,0.00561649370487662,5.82E-07,exposure,TRUE,2,0.393,263954
rs1737894,G,C,0.0329561941750923,0.00559464218403027,3.86E-09,exposure,TRUE,2,0.432,263954
rs2273500,C,T,0.0680938327499577,0.00779552755012684,2.47E-18,exposure,TRUE,2,0.159,263954
rs7281463,C,A,0.0238107035083005,0.00559671174946865,2.08E-05,exposure,TRUE,2,0.401,263954